{
  "mean": [
    8.272272252798835,
    15.198089906202215,
    92.13619018550416,
    10.291455491375693,
    123.9910875379068
  ],
  "scale": [
    3.911219855315617,
    7.755022866968101,
    48.03006106306569,
    5.776757453112213,
    89.47474805446186
  ]
}